given name,gender
Barbara,female given name
Amanda,female given name
Diana,female given name
Jessica,female given name
Olivia,female given name
Angela,female given name
Sandra,female given name
Alice,female given name
Sara,female given name
Paula,female given name
Aurora,female given name
Lena,female given name
Megan,female given name
Pamela,female given name
Irene,female given name
Martina,female given name
Mia,female given name
Elizabeth,female given name
Anastasia,female given name
Abigail,female given name
Doris,female given name
Vanessa,female given name
Karen,female given name
Samantha,female given name
Charlotte,female given name
Anne,female given name
Jennifer,female given name
Erika,female given name
Patricia,female given name
Zoe,female given name
Evelyn,female given name
Lucy,female given name
Natalia,female given name
Sophie,female given name
Julie,female given name
Dolores,female given name
Betty,female given name
Ellen,female given name
Berenice,female given name
Margaret,female given name
Julia,female given name
Claudia,female given name
Eleanor,female given name
Natalie,female given name
Susan,female given name
Karina,female given name
Katherine,female given name
Amelia,female given name
Lisa,female given name
Virginia,female given name
Antonia,female given name
Fiona,female given name
Arabella,female given name
Mary,female given name
Audrey,female given name
Livia,female given name
Daria,female given name
Eugenia,female given name
Marianne,female given name
Amber,female given name
Victoria,female given name
Rachel,female given name
Cynthia,female given name
Helen,female given name
Janet,female given name
Claire,female given name
Imogen,female given name
Karla,female given name
Ruth,female given name
Natasha,female given name
Adele,female given name
Donna,female given name
Brittany,female given name
Serena,female given name
Lydia,female given name
Daniela,female given name
Judith,female given name
Elisabeth,female given name
Roberta,female given name
May,female given name
Grace,female given name
Annie,female given name
Daisy,female given name
Edna,female given name
Bianca,female given name
Henrietta,female given name
Dorothy,female given name
Harriet,female given name
Penelope,female given name
Eileen,female given name
Valeria,female given name
Minna,female given name
Sarah,female given name
Georgia,female given name
Jacqueline,female given name
Jenny,female given name
Hannah,female given name
Kendra,female given name
Maggie,female given name
Wendy,female given name
Josephine,female given name
Tessa,female given name
Thelma,female given name
Sonia,female given name
Michelle,female given name
Nathalie,female given name
Lila,female given name
Frances,female given name
Liana,female given name
Adelaide,female given name
Adrienne,female given name
Ann,female given name
Wilma,female given name
Cordelia,female given name
Elaine,female given name
Eve,female given name
Ellie,female given name
Winifred,female given name
Cheryl,female given name
Katie,female given name
Caroline,female given name
Heather,female given name
Martine,female given name
Annette,female given name
Emily,female given name
Millicent,female given name
Alexa,female given name
Elfrida,female given name
Gwendolyn,female given name
Jasmine,female given name
Glenda,female given name
Chelsea,female given name
Lucinda,female given name
Medea,female given name
Alison,female given name
Cindy,female given name
Priscilla,female given name
Kitty,female given name
Pauline,female given name
Larissa,female given name
Moira,female given name
Maeve,female given name
Gillian,female given name
April,female given name
Felicity,female given name
Phoebe,female given name
Crystal,female given name
Ruby,female given name
Drusilla,female given name
Marilyn,female given name
Lorna,female given name
Debra,female given name
Hope,female given name
Katrina,female given name
Dawn,female given name
Celine,female given name
Etta,female given name
Rosemary,female given name
Fran,female given name
Lois,female given name
Melody,female given name
Geraldine,female given name
Afra,female given name
Maureen,female given name
Tracy,female given name
Corinna,female given name
Isla,female given name
Bernadette,female given name
Lorelei,female given name
Lilla,female given name
Kaylee,female given name
Rosanna,female given name
Cathy,female given name
Bridget,female given name
Charity,female given name
Clarice,female given name
Suzanne,female given name
Edwina,female given name
Bethany,female given name
Clarissa,female given name
Juliette,female given name
Alanna,female given name
Darlene,female given name
Debbie,female given name
Selena,female given name
Gwendoline,female given name
Tammy,female given name
Beverly,female given name
Justine,female given name
Anne-Marie,female given name
Tess,female given name
Liz,female given name
Abby,female given name
Deanna,female given name
Fabienne,female given name
Violette,female given name
Aimee,female given name
Myrna,female given name
Prudence,female given name
Rhoda,female given name
Rhonda,female given name
Iona,female given name
Shawna,female given name
Deana,female given name
Bronwyn,female given name
Aviva,female given name
Alisha,female given name
Mavis,female given name
Julianne,female given name
Georgiana,female given name
Pearl,female given name
Genevieve,female given name
Josie,female given name
Allegra,female given name
Brandy,female given name
Winnie,female given name
Carrie,female given name
Corinne,female given name
Olena,female given name
Maddy,female given name
Kathleen,female given name
Summer,female given name
Thomasina,female given name
Gail,female given name
Mariah,female given name
Philippa,female given name
Shana,female given name
Penny,female given name
Marion,female given name
Hagar,female given name
Karyne,female given name
Lori,female given name
Leanne,female given name
Myrtle,female given name
Laurie,female given name
Lenny,female given name
Tyler,female given name
Jean,female given name
Miley,female given name
Minnie,female given name
Giselle,female given name
Cathleen,female given name
Afifa,female given name
Callista,female given name
Shanice,female given name
Cara,female given name
Cherie,female given name
Keira,female given name
Colleen,female given name
Tonya,female given name
Louisa,female given name
Catharine,female given name
Cherry,female given name
Janice,female given name
Madge,female given name
Patience,female given name
Kay,female given name
Janie,female given name
Poppy,female given name
Susannah,female given name
Madison,female given name
Suzette,female given name
Millie,female given name
Nell,female given name
Lottie,female given name
Jemma,female given name
Suzanna,female given name
Phyllida,female given name
Lizette,female given name
Corina,female given name
Rolanda,female given name
Sherry,female given name
Larysa,female given name
Lulu,female given name
Bobbi,female given name
Tonja,female given name
Bryony,female given name
Kirstin,female given name
Latoya,female given name
Hattie,female given name
Hetty,female given name
Sunshine,female given name
Alaina,female given name
Autumn,female given name
Laurine,female given name
Briana,female given name
Destiny,female given name
Cadence,female given name
Kierra,female given name
Richarda,female given name
Judy,female given name
Gardenia,female given name
Aja,female given name
Averil,female given name
Bette,female given name
Celestia,female given name
Laureen,female given name
Lauretta,female given name
Lynnette,female given name
Micky,female given name
Nevaeh,female given name
Opal,female given name
Persis,female given name
Essie,female given name
Harriette,female given name
Merry,female given name
Patti,female given name
Precious,female given name
America,female given name
Petronilla,female given name
Bessie,female given name
Venetia,female given name
Shona,female given name
Rosamond,female given name
Vikki,female given name
Nanette,female given name
Lauryn,female given name
Carlene,female given name
Gwendolin,female given name
Jewel,female given name
Dottie,female given name
Alexandria,female given name
Cosette,female given name
Kiera,female given name
Carolyn,female given name
Lucille,female given name
Debrah,female given name
Milly,female given name
Katey,female given name
Brandie,female given name
Mylene,female given name
Nettie,female given name
Sheena,female given name
Lilibeth,female given name
Corrie,female given name
Brittney,female given name
Tasha,female given name
Midge,female given name
Kameron,female given name
Sibyl,female given name
Jorja,female given name
Chrissie,female given name
Allyson,female given name
Lysette,female given name
Luann,female given name
Jocelin,female given name
Jordyn,female given name
Ireen,female given name
Chrissy,female given name
Effie,female given name
Hele,female given name
Nichole,female given name
Jetti,female given name
Jamey,female given name
Mary Ellen,female given name
Lorinda,female given name
Elinore,female given name
Taissa,female given name
Phillipa,female given name
Glory,female given name
Rose Marie,female given name
Pixie,female given name
Sharleen,female given name
Karly,female given name
LaTonya,female given name
Haidee,female given name
Tish,female given name
Lilibet,female given name
Ellesse,female given name
Evin,female given name
Jenette,female given name
Allette,female given name
Adrina,female given name
Cathie,female given name
Hermia,female given name
Hettie,female given name
Celinda,female given name
Marcie,female given name
Marlee,female given name
Mary Louise,female given name
Richeldis,female given name
Thurza,female given name
Mily,female given name
Etheldreda,female given name
Tracey,female given name
Latasha,female given name
Peyton,female given name
Grey,female given name
Nigella,female given name
Jany,female given name
Marilyne,female given name
Marian,female given name
Mary Ann,female given name
Nuri,female given name
Fee,female given name
Hester,female given name
Clemence,female given name
Sherie,female given name
Tia,female given name
Andrea,female given name
Ethelreda,female given name
Tamsin,female given name
Jacquetta,female given name
Amie,female given name
Kimberley,female given name
Gracie,female given name
Hodierna,female given name
Mary-Anne,female given name
Lil,female given name
Emmylou,female given name
Brandi,female given name
Sheri,female given name
Traci,female given name
Leisha,female given name
Thomasine,female given name
Jenelle,female given name
Scarlet,female given name
Dionne,female given name
Marguerita,female given name
Britney,female given name
Cyndee,female given name
Kaci,female given name
Bridgette,female given name
Mary Elizabeth,female given name
Ginnifer,female given name
Merrilyn,female given name
Maria Theresa,female given name
Sinead,female given name
Krissy,female given name
Marva,female given name
Lacy,female given name
Ashlyn,female given name
Alene,female given name
Charisma,female given name
Maddie,female given name
Erma,female given name
Roslyn,female given name
Chynna,female given name
Keauna,female given name
Danette,female given name
Ronna-Rae,female given name
Jesinta,female given name
Roxcy,female given name
Barbra,female given name
Marybeth,female given name
Melissa Ann,female given name
Mary Catherine,female given name
Buffy,female given name
Sarah-Jane,female given name
Érica,female given name
Amy Louise,female given name
Tichina,female given name
Reba,female given name
Bethanie,female given name
Rayana,female given name
Donda,female given name
Louella,female given name
DeeDee,female given name
Hollie,female given name
Ellin,female given name
Samin,female given name
Cockburn,female given name
Yulia,female given name
Lizzy,female given name
Barbara Jean,female given name
Lilette,female given name
July,female given name
Maizie,female given name
Jezebelle,female given name
Beyoncé,female given name
Cherelle,female given name
Vernice,female given name
Rosy,female given name
Deloris,female given name
Jamesetta,female given name
Mi,female given name
Maegan,female given name
Stephanie Lynn,female given name
Evalyn,female given name
Gai,female given name
Bess,female given name
Corrine,female given name
J'Covan,female given name
Loizza,female given name
K'Waun,female given name
Vogue,female given name
Carol Ann,female given name
Carrie Anne,female given name
Charlyne,female given name
Christene,female given name
Peaches,female given name
Christa-Maria,female given name
Luane,female given name
Anne Jennifer,female given name
Monalisa,female given name
Tasya,female given name
Livy,female given name
Chrystal,female given name
Alaine,female given name
Suellen,female given name
Babs,female given name
Caron,female given name
Corrin,female given name
Tula,female given name
Shaunna,female given name
Estine,female given name
Shoshannah,female given name
Marlana,female given name
Emmelie,female given name
Wave,female given name
Imogene,female given name
Cather,female given name
Mary Susan,female given name
Laurell,female given name
Brigette,female given name
Krysta,female given name
Brittny,female given name
Marlyn,female given name
LaToya,female given name
Philiberte,female given name
Bethania,female given name
Lizabeth,female given name
Shere,female given name
Tasmin,female given name
Dannette,female given name
Jessye,female given name
Elane,female given name
Carlette,female given name
Tigerlily,female given name
Ahna,female given name
Hailie,female given name
Eulaulah,female given name
Shantal,female given name
Nomvula,female given name
Elfrieda,female given name
Cymphonique,female given name
Tamyra,female given name
Nicollette,female given name
Tazmin,female given name
Ayn,female given name
Minnette,female given name
Tuppence,female given name
Maria Carolina,female given name
Mary Jo,female given name
Trisia,female given name
Dorothy Mae,female given name
Julia Augusta,female given name
Desirae,female given name
Mia-Rae,female given name
Judee,female given name
Georgia May,female given name
Destiney,female given name
Georgia-May,female given name
Georgia-Mae,female given name
Maria Christina,female given name
Silly,female given name
Oveta,female given name
Madlyn,female given name
Kailyn,female given name
Tracie,female given name
Vivette,female given name
Joan,female given name
Jan,female given name
Jesina,female given name
Chyna,female given name
SallyAnn,female given name
Michele,female given name
Seraphine,female given name
Merrelyn,female given name
Gailanne,female given name
Kenia,female given name
Mary Angela,female given name
Audree,female given name
Mary Grace,female given name
Grace Mary,female given name
Chyler,female given name
Micole,female given name
Sarah Jane,female given name
Emme,female given name
Leesa,female given name
Nkechi,female given name
Jonette,female given name
Shevonne,female given name
Kendelle,female given name
Dorrance,female given name
Jacinte,female given name
Loveday,female given name
Dyana,female given name
Caydee,female given name
Kristiene,female given name
Elliana,female given name
Madalyn,female given name
Marisha,female given name
Adelaine,female given name
Edwarda,female given name
Elia,female given name
Ilsey,female given name
Carol Joan,female given name
Earl-Jean,female given name
Catherine Louise,female given name
Baby,female given name
Helen Frances,female given name
Rozanne,female given name
Elta,female given name
Mädchen,female given name
Donita,female given name
Shaundi,female given name
Concepcion,female given name
Cinnamon,female given name
Stacey Lynn,female given name
Chrystabel,female given name
Lavonia,female given name
Roslyne,female given name
Charlotte Julia,female given name
Marijohn,female given name
Beverly Anne,female given name
Susan Janet,female given name
Rose-May,female given name
Dorothy Marie,female given name
Jaqueli,female given name
Nesta,female given name
Emma Frances,female given name
Raynoma,female given name
Deborah Anne,female given name
Jennette,female given name
Mary-Ellen,female given name
Valerie Anne,female given name
Gabourey,female given name
Lavernia,female given name
Katasha,female given name
Alisen,female given name
Sybilla,female given name
Dallas,female given name
Civilla,female given name
Charmayne,female given name
Catherine Elizabeth,female given name
Toria,female given name
Delisha,female given name
Iraina,female given name
Javianne,female given name
Louana,female given name
Ellenor,female given name
Martha Jane,female given name
Michelle Lynn,female given name
Lady,female given name
Leigh-Anne,female given name
Nicolete,female given name
Clora,female given name
Christine Anne,female given name
Dezarae,female given name
Arista,female given name
Renay,female given name
Onora,female given name
Lowrene,female given name
Sarah Jean,female given name
Jeanell,female given name
Lambrini,female given name
Abigayle,female given name
Getrude,female given name
Miltona,female given name
Gwendolyne,female given name
Maria Dolores,female given name
Angela Maria,female given name
Charlottia,female given name
Kimbra,female given name
Pamala,female given name
Anna-Catherine,female given name
Ferne,female given name
Raevyn,female given name
Eirene,female given name
Joan Ellen,female given name
Joan Elizabeth,female given name
Tosha,female given name
Venessa,female given name
Pearlie,female given name
Kathryn-Leigh,female given name
Rashia,female given name
Samella,female given name
Kelsea,female given name
Syreeta,female given name
Marybelle,female given name
Luraine,female given name
Damita,female given name
Damita Jo,female given name
Romary,female given name
Armenta,female given name
Otelia,female given name
Marlie,female given name
Marline,female given name
Normani,female given name
Kordei,female given name
Wulfhild,female given name
Niatia,female given name
Revoyda,female given name
Ultra,female given name
Boulware,female given name
Cruwys,female given name
Dalyell,female given name
Dalziell,female given name
Dalziel,female given name
Almyra,female given name
Sunday,female given name
Margaret Elizabeth,female given name
Margaret Eleanor,female given name
Kamalini,female given name
Solána,female given name
Maria-Cecilia,female given name
Zella,female given name
Kristinia,female given name
Etterlene,female given name
Lovella,female given name
Kehlani,female given name
Larae,female given name
Orianthi,female given name
Donyll,female given name
Rashawnna,female given name
Shawnna,female given name
Arester,female given name
Elizabeth Ann,female given name
Geraldyn,female given name
Gayl,female given name
Lesley Anne,female given name
Melosina,female given name
Wynette,female given name
Zinnia,female given name
Zaila,female given name
Harriot,female given name
Lashelle,female given name
Ise,female given name
Reminisce,female given name
Briolette,female given name
Gayelynn,female given name
Jennifer Diane,female given name
Taiko,female given name
Elnora,female given name
Euphama,female given name
Winnefred,female given name
Pearline,female given name
Dream,female given name
Lubomyra,female given name
Sarajane,female given name
Jessie Mae,female given name
Myriel,female given name
Chichele,female given name
Chanté,female given name
Torrane,female given name
Isata,female given name
Pamela Dorothy,female given name
Kandice,female given name
Kristle,female given name
Kait,female given name
Bridge,female given name
Gourdin,female given name
Haylie,female given name
Nymphadora,female given name
Pegge,female given name
Mary Anna,female given name
Maryanna,female given name
Lynika,female given name
Sharlice,female given name
Minda,female given name
Kalyn,female given name
Nadene,female given name
Florence Ellen,female given name
LuAnne,female given name
Kerry-Ann,female given name
Kaycee,female given name
Delois,female given name
Gilliam,female given name
Jaynne,female given name
Leylah,female given name
Cristyne,female given name
Viora,female given name
Johnaye,female given name
Lark,female given name
Lurine,female given name
Kanya,female given name
Loral,female given name
Nikkesha,female given name
Joi,female given name
Ella Mary,female given name
Lorie,female given name
Latonya,female given name
Oliveria,female given name
Crystall,female given name
Tionne,female given name
Tenese,female given name
Natosha,female given name
Dotty,female given name
Caleigh,female given name
Jahisha,female given name
Meghyn,female given name
Adamaris,female given name
Desharne,female given name
Mereana,female given name
Gracen,female given name
Ilsemarie,female given name
Susaye,female given name
Tyanna,female given name
Libra,female given name
Aileene,female given name
Loeske,female given name
Maxyne,female given name
Rivers,female given name
Seforosa,female given name
Moeawa,female given name
Morny,female given name
Wandra,female given name
Marjani,female given name
Marielou,female given name
Janey,female given name
Maryrose,female given name
Zali,female given name
Mileena,female given name
Lyanne,female given name
Kandi,female given name
Lenice,female given name
Kayee,female given name
Darnetia,female given name
Shai-Anne,female given name
Odinakachukwa,female given name
Deane,female given name
Xiaoli,female given name
Enqi,female given name
Drene,female given name
Alphia,female given name
Florrie,female given name
Souria,female given name
Ningali,female given name
Nafiseh,female given name
Jinelle,female given name
Q112246319,female given name
Myleen,female given name
Mary Lynn,female given name
Marylynn,female given name
Santra,female given name
Jones,female given name
Wanessa,female given name
Vula,female given name
Kerida,female given name
Shushana,female given name
Deann,female given name
Rienette,female given name
Amerie,female given name
Matraca,female given name
Cassi,female given name
Kahala,female given name
Mandyleigh,female given name
Paulinea,female given name
LuAnn,female given name
Willana,female given name
Parsa,female given name
Heidi-Jayne,female given name
Faye-Ellen,female given name
AnnaSophia,female given name
Sharice,female given name
Zadi,female given name
Jourdiana,female given name
Perrey,female given name
AnnaMaria,female given name
Creina,female given name
Emilliane,female given name
Tia-Clair,female given name
Khair,female given name
Emma-Jean,female given name
Maria-Magdalena,female given name
Ronalda,female given name
Rowanne,female given name
Beverle,female given name
Lily-Rose,female given name
Ailah,female given name
Rockelle,female given name
Ewy,female given name
Lile,female given name
Joly,female given name
Amaria,female given name
Vernett,female given name
Vernette,female given name
Marie Louise,female given name
Ann Margaret,female given name
Ann-Margaret,female given name
Metallica,female given name
Zenouska,female given name
Naimy,female given name
Sherral,female given name
Tahirah,female given name
Ixone,female given name
Czarina,female given name
Saraya,female given name
Saraya-Jade,female given name
Britani,female given name
Nhooph,female given name
Celera,female given name
Allicia,female given name
Kai-Mei,female given name
Everlyn,female given name
Mary-Mitchell,female given name
Jaquetta,female given name
Galadrielle,female given name
Jocie,female given name
Caline,female given name
Khairani,female given name
Shelley-Marie,female given name
Aelene,female given name
Ælene,female given name
Jillaine,female given name
Kirya,female given name
Bethelly,female given name
Zoeanna,female given name
Trisa,female given name
Trischa,female given name
Trishia,female given name
Nim,female given name
Lilybeth,female given name
Jhelisa,female given name
Laurena,female given name
Alizia,female given name
Island,female given name
Deserae,female given name
Desi-Rae,female given name
DesiRae,female given name
Ronella,female given name
Mary-Alice,female given name
Petal,female given name
Lawrencia,female given name
Algebra,female given name
Ethel Mae,female given name
Jaiah,female given name
Kaysha,female given name
Ronette,female given name
Shanette,female given name
Anglyn,female given name
LaVerne,female given name
Adelé,female given name
Aletha,female given name
Destinie,female given name
Alyssa-Jane,female given name
Wrenetha,female given name
L'Wren,female given name
Naija,female given name
Q130202000,female given name
Christella,female given name
Stanna,female given name
Clauddine,female given name
Reann,female given name
Maeondra,female given name
Keirsten,female given name
Shoshanna,female given name
Tamya,female given name
Philothea,female given name
Raia,female given name
Kattie,female given name
Lu Ann,female given name
Lu-Anne,female given name
Georgia Mae,female given name
Locket,female given name
Korrina,female given name
Carolette,female given name
Caroletta,female given name
Carollette,female given name
Caraletta,female given name
Julette,female given name
Julliette,female given name
Jullette,female given name
Coroline,female given name
Caraline,female given name
Laryn,female given name
Marette,female given name
Chrisette,female given name
Corette,female given name
Elette,female given name
Georgetta,female given name
Livette,female given name
Libette,female given name
Licette,female given name
Linnette,female given name
Sharise,female given name
Izette,female given name
Loletta,female given name
Berdie,female given name
Dorry,female given name
Titania,female given name
Adalina,female given name
Adeleide,female given name
Adalaide,female given name
Adeleine,female given name
Abbigail,female given name
Emilly,female given name
Apryl,female given name
Jesselyn,female given name
Amabella,female given name
Amabell,female given name
Arbella,female given name
Ladie,female given name
Kimberlyn,female given name
Madelyne,female given name
Eulallie,female given name
Ida Mae,female given name
Jestina,female given name
Jedda,female given name
Cyrinda,female given name
Marlina,female given name
Jamillah,female given name
Deneen,female given name
Nixola,female given name
Shaneé,female given name
Regla,female given name
Davada,female given name
Anderlechtia,female given name
RoseMarie,female given name
Sapphire,female given name
Sapphira,female given name
Maylee,female given name
Myleene,female given name
Shamone,female given name
Ella Rose,female given name
Ella-Rose,female given name
Voletta,female given name
Lucy-Bleu,female given name
Merania,female given name
Thalassa,female given name
Lisa Ann,female given name
Mearia,female given name
Emileigh,female given name
Gislinde,female given name
Dafney,female given name
Ayiesha,female given name
Lynx,female given name
Joneta,female given name
Jannett,female given name
Chandini,female given name
Maddelena,female given name
Braelynn,female given name
Toni-Marie,female given name
Toni Marie,female given name
Genevive,female given name
Kitana,female given name
Sheril,female given name
Annadora,female given name
November,female given name
Zoie,female given name
Janille,female given name
Ladette,female given name
Dewi,female given name
Brienne,female given name
Brietta,female given name
Briane,female given name
Saraphina,female given name
Azealia,female given name
Jenée,female given name
Denenne,female given name
Roxelane,female given name
Roxalana,female given name
Mayzod,female given name
Gabryelle,female given name
Nicette,female given name
Goedela,female given name
Saratha,female given name
Allethea,female given name
Deboleena,female given name
Cecila,female given name
Lorelie,female given name
Ghenet,female given name
Daniel,male given name
Albert,male given name
Robert,male given name
Hugo,male given name
John,male given name
Gabriel,male given name
David,male given name
Alexander,male given name
Simon,male given name
Samuel,male given name
Arthur,male given name
Kevin,male given name
Ronald,male given name
Peter,male given name
Leonard,male given name
Jan,male given name
Michael,male given name
Tobias,male given name
Erik,male given name
Paul,male given name
Herbert,male given name
Vincent,male given name
William,male given name
Richard,male given name
Adam,male given name
Joseph,male given name
Roger,male given name
Thomas,male given name
Benjamin,male given name
Charles,male given name
Roman,male given name
Christopher,male given name
Nathan,male given name
Sebastian,male given name
Edward,male given name
Adrian,male given name
Edmund,male given name
Ben,male given name
Oliver,male given name
Brian,male given name
Herman,male given name
Leon,male given name
Tim,male given name
James,male given name
Andrew,male given name
Frank,male given name
Oleg,male given name
Edwin,male given name
Edgar,male given name
Louis,male given name
Valentin,male given name
Alfred,male given name
Jonathan,male given name
Henry,male given name
Stephen,male given name
Christian,male given name
Alan,male given name
Elvis,male given name
Gilbert,male given name
Oscar,male given name
George,male given name
Bernard,male given name
Dennis,male given name
Jason,male given name
Philip,male given name
Jack,male given name
Lucius,male given name
Donald,male given name
Julian,male given name
Gerard,male given name
Walter,male given name
Victor,male given name
Joel,male given name
Harry,male given name
Joshua,male given name
Tom,male given name
Tristan,male given name
Jamil,male given name
Levi,male given name
Anthony,male given name
Jon,male given name
Douglas,male given name
Bradley,male given name
Isaak,male given name
Dean,male given name
Steven,male given name
Justin,male given name
Patrick,male given name
Maximilian,male given name
Ian,male given name
Alvin,male given name
Denis,male given name
Roy,male given name
Ervin,male given name
Thaddeus,male given name
Jaime,male given name
Johnny,male given name
Jimmy,male given name
Aaron,male given name
Julius,male given name
Guy,male given name
Matthew,male given name
Jim,male given name
Brendan,male given name
Colin,male given name
Gavin,male given name
Eugene,male given name
Bruce,male given name
Rufus,male given name
Nestor,male given name
Francis,male given name
Algernon,male given name
Craig,male given name
Leonid,male given name
Gary,male given name
Jared,male given name
Gerald,male given name
Carmelo,male given name
Geoffrey,male given name
Stanley,male given name
Terence,male given name
Travis,male given name
Lawrence,male given name
Marvin,male given name
Bob,male given name
Felix,male given name
Oswald,male given name
Jacob,male given name
Nicholas,male given name
Theodor,male given name
Norman,male given name
Rex,male given name
Boyan,male given name
Kent,male given name
Bryan,male given name
Dick,male given name
Wallace,male given name
Jasper,male given name
Graham,male given name
Nigel,male given name
Lewis,male given name
Dorian,male given name
Malcolm,male given name
Frederick,male given name
Basil,male given name
Luke,male given name
Lucas,male given name
Timothy,male given name
Marc,male given name
Cyrus,male given name
Reginald,male given name
Rick,male given name
Ethan,male given name
Milton,male given name
Duncan,male given name
Randy,male given name
Donnie,male given name
Jonny,male given name
Maurice,male given name
Jerry,male given name
Ron,male given name
Eddie,male given name
Angus,male given name
Cedric,male given name
Wayne,male given name
Winston,male given name
Alistair,male given name
Barry,male given name
Julien,male given name
Bartholomew,male given name
Percival,male given name
Lionel,male given name
Damon,male given name
Neil,male given name
Titus,male given name
Sonny,male given name
Serge,male given name
Lloyd,male given name
Derek,male given name
Russell,male given name
Gareth,male given name
Alfréd,male given name
Gordon,male given name
Jay,male given name
Jeremy,male given name
Marlon,male given name
Rory,male given name
Warren,male given name
Scott,male given name
Seymour,male given name
Gus,male given name
Jerome,male given name
Chad,male given name
German,male given name
Rob,male given name
Barney,male given name
Brad,male given name
Cuthbert,male given name
Hector,male given name
Malvin,male given name
Mervyn,male given name
Nate,male given name
Sabin,male given name
Gregory,male given name
Ross,male given name
Raymond,male given name
Rembrandt,male given name
Troy,male given name
Matt,male given name
Miles,male given name
Osmund,male given name
Howard,male given name
Calum,male given name
Paddy,male given name
Benedict,male given name
Harold,male given name
Franklin,male given name
Colton,male given name
Don,male given name
Jake,male given name
Lester,male given name
Clyde,male given name
Salim,male given name
Bill,male given name
Billy,male given name
Jalen,male given name
Delbert,male given name
Derrick,male given name
Gil,male given name
Jeb,male given name
Ed,male given name
Hal,male given name
Mitchell,male given name
Conor,male given name
Kenneth,male given name
Percy,male given name
Iain,male given name
Jedediah,male given name
Woodrow,male given name
Wes,male given name
Shane,male given name
Lance,male given name
Jayson,male given name
Chuck,male given name
Emerson,male given name
John Paul,male given name
Casper,male given name
Davy,male given name
Brooke,male given name
Caleb,male given name
Earl,male given name
Mason,male given name
Eddy,male given name
Josie,male given name
Pete,male given name
Dwight,male given name
Jordan,male given name
Luther,male given name
Cooper,male given name
Irwin,male given name
Gustave,male given name
Randall,male given name
Wilson,male given name
Myron,male given name
Larry,male given name
Harrison,male given name
Clinton,male given name
Benny,male given name
Otis,male given name
Griffin,male given name
Jonah,male given name
Penny,male given name
Reuben,male given name
Steve,male given name
Doug,male given name
Absalom,male given name
Baldwin,male given name
Sean,male given name
Gene,male given name
Brent,male given name
Chase,male given name
Mortimer,male given name
Grayson,male given name
Seyed,male given name
Declan,male given name
Stan,male given name
Quinn,male given name
Herbie,male given name
Arlo,male given name
Lucian,male given name
Tyler,male given name
Euan,male given name
Montgomery,male given name
Lenny,male given name
Tyrone,male given name
Vernon,male given name
Maddox,male given name
Hugh,male given name
Boaz,male given name
Maxwell,male given name
Ray,male given name
Greig,male given name
Hudson,male given name
Jock,male given name
Jupp,male given name
Karan,male given name
Stuart,male given name
Vern,male given name
Kalman,male given name
Asher,male given name
Archer,male given name
Buck,male given name
Dax,male given name
Virgil,male given name
Colby,male given name
Corbin,male given name
Dickson,male given name
Floyd,male given name
Jace,male given name
Garth,male given name
Kerr,male given name
Malachi,male given name
Merlin,male given name
Jeff,male given name
Darryl,male given name
Byron,male given name
Clifton,male given name
Godric,male given name
Hunter,male given name
Lorne,male given name
Jair,male given name
Waldo,male given name
Mate,male given name
Tanner,male given name
Walker,male given name
Shaquille,male given name
Horatio,male given name
Eustace,male given name
Al,male given name
Ward,male given name
DeMarcus,male given name
Josh,male given name
Graeme,male given name
Horace,male given name
Davis,male given name
Harris,male given name
Garret,male given name
Fraser,male given name
Stu,male given name
Grover,male given name
Harvey,male given name
Hank,male given name
Trevor,male given name
Shaun,male given name
Garfield,male given name
Ty,male given name
Charlton,male given name
Merritt,male given name
Chadwick,male given name
Philemon,male given name
Darvin,male given name
Jelani,male given name
Aqil,male given name
Zadoc,male given name
Daryl,male given name
Donal,male given name
Zebulon,male given name
Gideon,male given name
Melvin,male given name
Emmett,male given name
Uriah,male given name
Francis Xavier,male given name
Ulysses,male given name
Kieron,male given name
Dougie,male given name
Darrell,male given name
Kimball,male given name
Robby,male given name
Micky,male given name
Otha,male given name
Chet,male given name
Rashard,male given name
Sanford,male given name
Jarvis,male given name
Ultan,male given name
Theodore,male given name
Conrad,male given name
Alastair,male given name
Andras,male given name
Ellery,male given name
Hilton,male given name
Bayard,male given name
Budd,male given name
Cary,male given name
Cliff,male given name
Colt,male given name
Dewey,male given name
Drummond,male given name
Fenwick,male given name
Gord,male given name
Trent,male given name
Joe,male given name
Clay,male given name
Carlyle,male given name
Jed,male given name
Jolyon,male given name
Lawton,male given name
Merry,male given name
Mills,male given name
Muir,male given name
Rand,male given name
Ransom,male given name
Rowland,male given name
Scot,male given name
Lincoln,male given name
Schuyler,male given name
Washington,male given name
Elliott,male given name
Archie,male given name
Desmond,male given name
Clint,male given name
Willard,male given name
Newton,male given name
Clifford,male given name
Rodney,male given name
Giles,male given name
LeRoy,male given name
Zack,male given name
Lew,male given name
Maynard,male given name
Redd,male given name
Sterling,male given name
Wellington,male given name
Geoff,male given name
Howell,male given name
Romel,male given name
Saxon,male given name
Winslow,male given name
Stoney,male given name
Palmer,male given name
Brooks,male given name
Ritchie,male given name
Wesley,male given name
King,male given name
Randal,male given name
Leland,male given name
Darwin,male given name
Henoch,male given name
Garry,male given name
Murray,male given name
Ramsey,male given name
Phillip,male given name
Hamilton,male given name
Irving,male given name
Rich,male given name
Milt,male given name
Boy,male given name
Hoyt,male given name
Webster,male given name
Hedworth,male given name
Smith,male given name
Increase,male given name
Elbridge,male given name
Donnchadh,male given name
Wilmar,male given name
Bret,male given name
Wentworth,male given name
Derick,male given name
Freeman,male given name
Watson,male given name
Rogers,male given name
Barrett,male given name
Randolph,male given name
Rowley,male given name
Bennett,male given name
Stirling,male given name
Zak,male given name
Oz,male given name
Mìcheal,male given name
Ballard,male given name
Rakeem,male given name
St John,male given name
Wardell,male given name
Duke,male given name
Jony,male given name
Collins,male given name
Kameron,male given name
Dom,male given name
Coles,male given name
Rip,male given name
Reno,male given name
Hay,male given name
Hele,male given name
Monroe,male given name
Branden,male given name
Durward,male given name
Randle,male given name
Rahsaan,male given name
Robb,male given name
Johnson,male given name
Derwin,male given name
Kane,male given name
Hampton,male given name
Butler,male given name
Ridley,male given name
Brandan,male given name
Perez,male given name
Dorsey,male given name
Roosevelt,male given name
Astor,male given name
Ishmael,male given name
Burr,male given name
Kyron,male given name
Odell,male given name
Bright,male given name
Kenyon,male given name
Cabell,male given name
Bryson,male given name
Toney,male given name
Hayes,male given name
Stevland,male given name
Kian,male given name
Abbott,male given name
Amasa,male given name
John Baptist,male given name
Buell,male given name
Heywood,male given name
Jedidiah,male given name
Wilmon,male given name
Nyle,male given name
Norris,male given name
Dwain,male given name
Lonny,male given name
Wadada,male given name
St. John,male given name
Harish,male given name
DeSean,male given name
Peter Paul,male given name
Jonty,male given name
Tevin,male given name
Anshel,male given name
Deontay,male given name
Minor,male given name
Blaze,male given name
Dominick,male given name
Evin,male given name
Septimus,male given name
Winfred,male given name
Algy,male given name
Mannie,male given name
Parsifal,male given name
Dickon,male given name
Donogh,male given name
Gorden,male given name
Trayvon,male given name
Arnel,male given name
Doc,male given name
Turk,male given name
Aldis,male given name
Cleve,male given name
George Washington,male given name
Rudolph,male given name
Kain,male given name
Willie,male given name
Dallas,male given name
Elliot,male given name
Dik,male given name
Casimir,male given name
Wynton,male given name
Sel,male given name
Grey,male given name
Lothair,male given name
Egerton,male given name
Stewart,male given name
Woody,male given name
Walden,male given name
Bonaventure,male given name
Doyle,male given name
Nuri,male given name
Orme,male given name
Lindon,male given name
Lean,male given name
Rupert,male given name
Forest,male given name
Lamont,male given name
Stanford,male given name
Serhiy,male given name
Jose,male given name
Miller,male given name
Ernie,male given name
Ameer,male given name
Alphonso,male given name
Irvin,male given name
Barrington,male given name
Howie,male given name
Moises,male given name
Cain,male given name
Newell,male given name
Jac,male given name
Ford,male given name
Donny,male given name
Craven,male given name
Hanmer,male given name
Hyman,male given name
Niels,male given name
Liev,male given name
Brigham,male given name
Ansel,male given name
Wilford,male given name
Coleman,male given name
Neill,male given name
Jones,male given name
Chandos,male given name
Collingwood,male given name
Blount,male given name
Hawkins,male given name
Bern,male given name
Shevon,male given name
Hillel,male given name
Radley,male given name
Darnell,male given name
Randell,male given name
Harrington,male given name
Young,male given name
Finley,male given name
Narcissus,male given name
Frodo,male given name
Robinson,male given name
Antwon,male given name
Greene,male given name
Gardiner,male given name
Markham,male given name
Munro,male given name
Royce,male given name
Russel,male given name
Kyler,male given name
Jerrod,male given name
Lon,male given name
Lucky,male given name
Stevens,male given name
Aedan,male given name
Denison,male given name
Sutherland,male given name
Graves,male given name
Newt,male given name
Hooker,male given name
Bigelow,male given name
Compton,male given name
Chapman,male given name
Loudon,male given name
Keiffer,male given name
Brown,male given name
Brand,male given name
Hayman,male given name
Porter,male given name
Osborn,male given name
Adams,male given name
Prescott,male given name
Macaulay,male given name
Lyon,male given name
Brenton,male given name
Charles Frederick,male given name
John Jacob,male given name
Chance,male given name
Fuller,male given name
Thurl,male given name
Stockton,male given name
Spence,male given name
Bower,male given name
Williams,male given name
Rankin,male given name
Soren,male given name
Radcliffe,male given name
Linton,male given name
Edwy,male given name
Obed,male given name
Orpheus,male given name
Robert John,male given name
John Robert,male given name
Faulkner,male given name
Ruggles,male given name
Kells,male given name
Isadore,male given name
Royal,male given name
Morrison,male given name
Fitzgerald,male given name
Derryl,male given name
Milledge,male given name
Timothy James,male given name
Edward Timothy,male given name
Timothy Michael,male given name
Timothy Lee,male given name
Timothy Joseph,male given name
Quenton,male given name
Woodbury,male given name
Berkley,male given name
Sefton,male given name
William Edward,male given name
Robert Peter,male given name
David Lee,male given name
Peter Edward,male given name
John Alexander,male given name
James Joseph,male given name
John Cameron,male given name
John Frederick,male given name
Tavish,male given name
John William,male given name
Lacy,male given name
Benni,male given name
Sanders,male given name
Reeve,male given name
Kemp,male given name
Burnett,male given name
Green,male given name
Edwards,male given name
Alwyn,male given name
Deke,male given name
Hanbury,male given name
Woodie,male given name
William Lawrence,male given name
Matthew Charles,male given name
Stephen Arthur,male given name
Samuel David,male given name
Christopher Robert,male given name
Orvon,male given name
Lewis Henry,male given name
Shakespeare,male given name
Creighton,male given name
Harland,male given name
Ace,male given name
John Joseph,male given name
John Charles,male given name
Baker,male given name
Jarryd,male given name
Beauregard,male given name
John Lee,male given name
Selden,male given name
Jamaal,male given name
William Ernest,male given name
Hancock,male given name
Booker,male given name
Robert Joseph,male given name
Frederick Allen,male given name
George David,male given name
Gatewood,male given name
William John,male given name
John Richard,male given name
Robert William,male given name
Brewster,male given name
Robert George,male given name
Raheem,male given name
William Joseph,male given name
Joseph Anthony,male given name
Anthony Joseph,male given name
Field,male given name
John Michael,male given name
Kingston,male given name
Carl Dean,male given name
Murry,male given name
Bronx,male given name
William Harold,male given name
Frank Henry,male given name
Richard Wayne,male given name
Hardin,male given name
George Victor,male given name
John Peter,male given name
Chancellor,male given name
Blase,male given name
Stratford,male given name
Galt,male given name
Daniel Charles,male given name
George William,male given name
Bicknell,male given name
Callen,male given name
Olcan,male given name
Bowyer,male given name
John Anthony,male given name
Rock,male given name
Bernard Joseph,male given name
Kurtis,male given name
Rexford,male given name
William James,male given name
Peter John,male given name
John George,male given name
Thurman,male given name
James Michael,male given name
Benton,male given name
Charles Robert,male given name
Farquhar,male given name
Hilliard,male given name
Michael Joseph,male given name
Charles Michael,male given name
Benjamin Joseph,male given name
George Henry,male given name
William Robert,male given name
Samuel Charles,male given name
Laron,male given name
Bransby,male given name
Charles Francis,male given name
Hoagland,male given name
Theodore Frank,male given name
Bain,male given name
Lavern,male given name
Robert Lee,male given name
Justin James,male given name
Antron,male given name
Patton,male given name
William Thomas,male given name
Winfield,male given name
Winfield Scott,male given name
David Lawrence,male given name
Anthony John,male given name
Merton,male given name
James Lee,male given name
MacGregor,male given name
Slade,male given name
Albert Edward,male given name
Thomas William,male given name
Paul Michael,male given name
William Henry,male given name
Alan Stewart,male given name
Delroy,male given name
Richard James,male given name
Edward William,male given name
Winton,male given name
Topher,male given name
Billy Joe,male given name
Curley,male given name
David John,male given name
Aldous,male given name
Edward Joseph,male given name
Jiles,male given name
Presley,male given name
Rivers,male given name
Jerry Lee,male given name
Curtis Lee,male given name
Fulton,male given name
Griff,male given name
Slash,male given name
Arnell,male given name
Welton,male given name
William Lee,male given name
Endymion,male given name
Amzie,male given name
Maverick,male given name
John Henry,male given name
Anthony Peter,male given name
Henry William,male given name
Ulis,male given name
Garland,male given name
Welcome,male given name
John-Paul,male given name
Zebedee,male given name
Maury,male given name
James David,male given name
Coy,male given name
Harold George,male given name
Artie,male given name
Goddard,male given name
Eldridge,male given name
Kenney,male given name
Mott,male given name
Sargent,male given name
Joseph Francis,male given name
Edward Michael,male given name
Richard Henry,male given name
Thelonious,male given name
Rockwell,male given name
Dennes,male given name
Royden,male given name
Dickey,male given name
Pitt,male given name
Joseph Raymond,male given name
Philips,male given name
Jerald,male given name
Etheldred,male given name
Zakk,male given name
Tyree,male given name
Laddie,male given name
LeBron,male given name
Deshawn,male given name
Tracee,male given name
Paak,male given name
Aleister,male given name
Mayer,male given name
Black,male given name
Beamish,male given name
Appleton,male given name
Snowden,male given name
Case,male given name
Robert Louis,male given name
Hillman,male given name
Seldon,male given name
Gilmary,male given name
Harrell,male given name
Midnight,male given name
Thomas George,male given name
Edward James,male given name
Jamarr,male given name
Charles Edward,male given name
Robert Charles,male given name
Ozzie,male given name
Ozzy,male given name
Maceo,male given name
John Christian,male given name
Kelton,male given name
Tillman,male given name
Newbold,male given name
James Charles,male given name
Wolcott,male given name
Jameson,male given name
Garrison,male given name
Sphere,male given name
Jevon,male given name
James Edward,male given name
Arnett,male given name
Cleophus,male given name
Waterman,male given name
Blackie,male given name
Lowndes,male given name
Prichard,male given name
De Alva,male given name
Grachan,male given name
Langer,male given name
Thomas Alexander,male given name
Joseph William,male given name
Blazer,male given name
Delford,male given name
Haywood,male given name
Robert Edward,male given name
Becker,male given name
Izear,male given name
Luster,male given name
Reubin,male given name
Ossie,male given name
Parnell,male given name
Brough,male given name
Tharaka,male given name
Benj,male given name
Delaine,male given name
Mark William,male given name
Durham,male given name
Saoul,male given name
Taliaferro,male given name
LeNoir,male given name
Lemon,male given name
Peter-Paul,male given name
Hykeem,male given name
Jagger,male given name
Denni,male given name
Joseph Leslie,male given name
William Francis,male given name
Dock,male given name
Flint,male given name
Ossee,male given name
Davonte',male given name
Maddock,male given name
Joseph Peter,male given name
Gomer,male given name
Lee Roy,male given name
Syukuro,male given name
Cooke,male given name
Frazier,male given name
Dutch,male given name
Brind,male given name
Carlile,male given name
Henley,male given name
Wynyard,male given name
Drayton,male given name
Adamson,male given name
Nickolaus,male given name
Heathcote,male given name
Naseer,male given name
Ameen,male given name
Draper,male given name
Bear,male given name
De'Shaun,male given name
Lemmy,male given name
Edrick,male given name
Ladarius,male given name
Axl,male given name
Inman,male given name
Sedley,male given name
Seraphim,male given name
Danial,male given name
Keef,male given name
Lanyon,male given name
Johannes Peter,male given name
Joyner,male given name
Siyamthanda,male given name
Dedrick,male given name
Henry Alexander,male given name
Orderic,male given name
Dewi,male given name
Marion,male given name
Barnabe,male given name
Johns,male given name
Michael Angelo,male given name
Theophanes,male given name
Saint John,male given name
Colville,male given name
Earnest,male given name
Jovin,male given name
Langley,male given name
Mycroft,male given name
Stávros,male given name
Burke,male given name
Murdoch,male given name
Coleridge-Taylor,male given name
St Andrew,male given name
Conolly,male given name
Dodgson,male given name
Fiennes,male given name
Berny,male given name
Barkley,male given name
Leonnade,male given name
Obediah,male given name
Tramaine,male given name
Mark-Antony,male given name
Renny,male given name
Knightly,male given name
Teague,male given name
Morrow,male given name
Audric,male given name
Dobbie,male given name
Ysidro,male given name
Beeson,male given name
Dutton,male given name
Robbins,male given name
Hood,male given name
Farquharson,male given name
Lethbridge,male given name
Binney,male given name
Hope,male given name
Keron,male given name
Effingham,male given name
Rayner,male given name
Craft,male given name
Aboobacker,male given name
Danzel,male given name
Warrick,male given name
Calep,male given name
Rives,male given name
Moray,male given name
Powers,male given name
Oscar Arthur,male given name
Scriven,male given name
Jerrold,male given name
Worthington,male given name
Emo,male given name
Pryor,male given name
Witlam,male given name
Storrar,male given name
Greely,male given name
Beasley,male given name
Marsh,male given name
Stahl,male given name
Freire,male given name
Pritchard,male given name
Haskins,male given name
Peyton,male given name
Verrill,male given name
Michael Eugene,male given name
Charles Phillip,male given name
George Ivan,male given name
James Timothy,male given name
Timothy Andrew,male given name
Andrew Timothy,male given name
Timothy Alan,male given name
Timothy Francis,male given name
Timothy David,male given name
Timothy Robert,male given name
Timothy John,male given name
Timothy Charles,male given name
Richard John,male given name
Charles Anthony,male given name
Robert Michael,male given name
Darren Paul,male given name
Richard David,male given name
Ian Murray,male given name
David Wayne,male given name
David Cyril,male given name
Steven John,male given name
Ronald Leslie,male given name
George Joseph,male given name
Theodro,male given name
Joseph Christopher,male given name
George Sylvester,male given name
Albert Alan,male given name
William Everett,male given name
Mark Anthony,male given name
Daniel Joseph,male given name
Kenroy,male given name
Ealy,male given name
Jarren,male given name
Colden,male given name
Nevill,male given name
Peter Brian,male given name
Adam Richard,male given name
Michael Gordon,male given name
Sumpter,male given name
Theodore Joseph,male given name
Thomas Montgomery,male given name
Cordozar,male given name
Vincent Anthony,male given name
Joseph Patrick,male given name
Leornes,male given name
Michael Geoffrey,male given name
John Graham,male given name
Paul Gerard,male given name
Robert Eugene,male given name
Richard Cornelius,male given name
Nesta,male given name
Heffrey,male given name
Paul Frederic,male given name
Neil John,male given name
Wesly,male given name
Francis Augustus,male given name
Robert Cooper,male given name
Philip Nicholas,male given name
Autry,male given name
DeWalt,male given name
Felix William,male given name
Herbert Richard,male given name
Walter Maurice,male given name
Shadee,male given name
Joshua Michael,male given name
Oakley,male given name
Stephen Henry,male given name
Abayomi,male given name
Charles George,male given name
Huntley,male given name
Westmore,male given name
Thomas Andrew,male given name
Joseph Alfred,male given name
Stephen Ian,male given name
Alan Jay,male given name
Reginald Kenneth,male given name
Brian Harold,male given name
Mercury,male given name
Matthew George,male given name
Matthew Paul,male given name
Joseph Thomas,male given name
Peter Andrew,male given name
Sidney Edward,male given name
Robert Stanley,male given name
George James,male given name
Orby,male given name
December,male given name
Fawcett,male given name
A. Decker,male given name
Mark Daniel,male given name
Jorel,male given name
Rafael Leon,male given name
Ian Christopher,male given name
Robert Anthony,male given name
Paul Edwin,male given name
Lipscomb,male given name
Jerrold Lewis,male given name
Stephen Joshua,male given name
Hoare,male given name
James Newton,male given name
Paul Anthony,male given name
Varian,male given name
Allan James,male given name
Anthony James,male given name
James Anthony,male given name
Alan Charles,male given name
Brian Douglas,male given name
Michael Edward,male given name
John Frank,male given name
John Francis,male given name
Stephen Wesley,male given name
Faxon,male given name
Chilson,male given name
George Edward,male given name
Richard Brian,male given name
Ryan Christopher,male given name
Christopher Michael,male given name
Carl Lee,male given name
Richard Anthony,male given name
Isaac Lee,male given name
Veremund,male given name
Marvell,male given name
Matheson,male given name
Phipps,male given name
Westley,male given name
Radclyffe,male given name
Dawin,male given name
Joseph Lee,male given name
Richard Arthur,male given name
Mort,male given name
Hammett,male given name
Michael Andrew,male given name
McKinnon,male given name
Baxter,male given name
Michael Stephen,male given name
Nicholas James,male given name
Luís Eduardo,male given name
Bora,male given name
Edward Chester,male given name
Kern,male given name
Daniel Peter,male given name
Paul Richard,male given name
Matthew Edward,male given name
Matthew Robert,male given name
Ryan Benjamin,male given name
William Gregory,male given name
Peter Gregory,male given name
Milford,male given name
John Kenneth,male given name
Edgar Henry,male given name
Edgar Howard,male given name
Haroon,male given name
Robert Alan,male given name
William Louis,male given name
Louis William,male given name
Matthew William,male given name
Sunday,male given name
Alexandres,male given name
Billy Ray,male given name
William Raymond,male given name
Belford,male given name
Steadman,male given name
Tauheed,male given name
Carl Michael,male given name
William Howard,male given name
Lawrence Eugene,male given name
Edward Christopher,male given name
Noral,male given name
Ogaba,male given name
Ralph Anthony,male given name
Everit,male given name
Everitt,male given name
Renald,male given name
Robert James,male given name
Stephen Lawrence,male given name
Charles Hugh,male given name
Barry Alan,male given name
Maurice Ernest,male given name
Robin Hugh,male given name
William Barry,male given name
Frederick Alfred,male given name
Henry Lionel,male given name
Herbert Samuel,male given name
Cochrane,male given name
Henry Martyn,male given name
Henry Clay,male given name
Henry Melville,male given name
Scollay,male given name
Theodore Francis,male given name
John David,male given name
Ronald Stephen,male given name
Richard Eugene,male given name
Leonard Bernard,male given name
Richard Edward,male given name
Muzyad,male given name
Yakhoob,male given name
Peter-John,male given name
Ivan Howard,male given name
Windsor,male given name
Timothy Patrick,male given name
David Abraham,male given name
Justin David,male given name
Michael Anthony,male given name
Philip Geoffrey,male given name
James Stanley,male given name
Himas,male given name
Alan Eugene,male given name
Michael John,male given name
David Robert,male given name
David Gary,male given name
Robert Andrew,male given name
Patrick Michael,male given name
Stephen Richard,male given name
Sigamony,male given name
John Baptiste,male given name
Argyle,male given name
McGowan,male given name
Fitzwilliam,male given name
James Todd,male given name
Paul Louis,male given name
Billings,male given name
Nevins,male given name
Reeves,male given name
Jacob Louis,male given name
Gilbert John,male given name
Ronald Frederick,male given name
Kevin Patrick,male given name
Anthony Christopher,male given name
John Luke,male given name
George Paul,male given name
Anketell,male given name
Luzon,male given name
Roger Keith,male given name
Frank John,male given name
Charles Roger,male given name
Joseph Michael,male given name
Roye,male given name
Bernard John,male given name
Richard Charles,male given name
Kenneth Douglas,male given name
Stuart David,male given name
John Phillip,male given name
Jack Henry,male given name
Arthur Lee,male given name
Cecil James,male given name
James Vernon,male given name
Coleridge,male given name
Joseph Eugene,male given name
Harold Raymond,male given name
Simon Robert,male given name
Ronald William,male given name
Walter Carl,male given name
Donald Jay,male given name
James Wesley,male given name
Stedman,male given name
Gregory Stephen,male given name
James Richard,male given name
Terrick,male given name
Alan Bruce,male given name
Bruce Alan,male given name
Patrick Anthony,male given name
David Nicholas,male given name
Mark Alan,male given name
Hillous,male given name
Donald Hugh,male given name
Winford,male given name
Ansley,male given name
David Paul,male given name
David Michael,male given name
Gregory John,male given name
Reginald John,male given name
Philip William,male given name
Roger David,male given name
Thomas Michael,male given name
Douglas Lee,male given name
James William,male given name
Brian David,male given name
Thomas Charles,male given name
David James,male given name
Simon John,male given name
Robert Philip,male given name
David Eric,male given name
Melvern,male given name
Asley,male given name
George Andrew,male given name
William Eugene,male given name
Donald William,male given name
Symere,male given name
Joseph David,male given name
Willes,male given name
Howard Joseph,male given name
Charton,male given name
Romelle,male given name
Norman William,male given name
Jamill,male given name
Philip Edward,male given name
Peter Ronald,male given name
Peter Alan,male given name
Matthew James,male given name
Richard Stephen,male given name
William Charles,male given name
Connolly,male given name
Harry David,male given name
Paul Christian,male given name
Elgie,male given name
David Richard,male given name
Warren Bruce,male given name
John Christopher,male given name
Arthur Henry,male given name
Culley,male given name
Ruel,male given name
Shondrae,male given name
Daniel Andrew,male given name
Christopher Frederick,male given name
Kirlan,male given name
William Paul,male given name
Wifred,male given name
Wilfrith,male given name
Moncure,male given name
Moncure Daniel,male given name
Somers,male given name
Christon,male given name
Philip Anthony,male given name
Harold David,male given name
Leadley,male given name
Stanley Joseph,male given name
Kirke,male given name
James Paul,male given name
Willfred,male given name
Jalacy,male given name
William Alfred,male given name
Mark-Anthony,male given name
Christopher John,male given name
Gano,male given name
James Frederick,male given name
Timothy George,male given name
Lofthouse,male given name
Stephen Philip,male given name
John de Carrick,male given name
Savan,male given name
Nicholas William,male given name
Priddy,male given name
Richard Frederick,male given name
Benjamin Robert,male given name
Stearns,male given name
Stephen Thomas,male given name
John Matthew,male given name
Taryll,male given name
Adren,male given name
O'Kelly,male given name
David Alan,male given name
Sausmarez,male given name
Havilland,male given name
James Andrew,male given name
Paul David,male given name
Frederick James,male given name
John Alfred,male given name
David Stephen,male given name
Albert Victor,male given name
Avon,male given name
Frederick William,male given name
James Harold,male given name
Michael Louis,male given name
Lukasz,male given name
Farnham,male given name
Richard Howard,male given name
Copeland,male given name
Jerel,male given name
Freuder,male given name
Charles Louis,male given name
Matthew Michael,male given name
Lemeul,male given name
Peter Charles,male given name
O'Neil,male given name
Anburey,male given name
Rayshard,male given name
Voyle,male given name
Arlester,male given name
Gahan,male given name
Greaves,male given name
Exham,male given name
William David,male given name
Ticker,male given name
Dacres,male given name
Brooshovft,male given name
Chew,male given name
Goodin,male given name
Edward Abraham,male given name
Richard Alan,male given name
Deckard,male given name
George Dominic,male given name
Colebrook,male given name
Alonza,male given name
Romare,male given name
SpongeBob,male given name
James Augustus,male given name
Harold Eugene,male given name
Hankey,male given name
Newel,male given name
Luques,male given name
General,male given name
Steve Thomas,male given name
Edwin James,male given name
Christopher James,male given name
James Francis,male given name
Stephen Lee,male given name
David Daniel,male given name
Michael George,male given name
Rodrick,male given name
Martin Joseph,male given name
Stanard,male given name
Forester,male given name
Carrick,male given name
Atkins,male given name
Anthony Ronald,male given name
Robin Peter,male given name
Steven William,male given name
Javin,male given name
Terrace,male given name
Jamahl,male given name
Fergusson,male given name
Phalon,male given name
Denaun,male given name
Montez,male given name
Oneil,male given name
Paul Edward,male given name
Neighbor,male given name
Wriothesley,male given name
Andrew John,male given name
Patteson,male given name
Womersley,male given name
Henry Edmund,male given name
James Christopher,male given name
Choice,male given name
Frank Thomas,male given name
Luke Anthony,male given name
Aminé,male given name
Charles Joseph,male given name
Elpadaro,male given name
McLure,male given name
Monier,male given name
Kirshnik,male given name
Matthews,male given name
Audri,male given name
Jermod,male given name
Fink,male given name
Walter Theodore,male given name
Ronald Anthony,male given name
Thomas Joseph,male given name
Pellom,male given name
Thomas David,male given name
Lasarus,male given name
William Earl,male given name
Steven Paul,male given name
Aaquil,male given name
Khalif,male given name
William Randall,male given name
Jonathan Arthur,male given name
Rayshawn,male given name
Virden,male given name
McCord,male given name
Jidenna,male given name
Bysil,male given name
Quavious,male given name
Keyate,male given name
Lavon,male given name
Durrell,male given name
Jonathan James,male given name
John Marcus,male given name
Cruise,male given name
Wainwright,male given name
Joseph Aloysius,male given name
Hardolph,male given name
Bridger,male given name
Paul Francis,male given name
Gordon Lee,male given name
Ramone,male given name
William Anthony,male given name
Thomas Francis,male given name
Radney,male given name
Muckleroy,male given name
Croxford,male given name
Colin James,male given name
Pentz,male given name
Christopher Peter,male given name
Norman Michael,male given name
Yeatis,male given name
Rome,male given name
Robins,male given name
William Melvin,male given name
Chuckie,male given name
Kalan,male given name
Kiari,male given name
Kendrell,male given name
Tione,male given name
Stephen James,male given name
Chester Arthur,male given name
Deantoni,male given name
Christopher Francis,male given name
Roger John,male given name
DeReese,male given name
Keith Edward,male given name
Jawanzaa,male given name
Galal,male given name
Alzie,male given name
Huck,male given name
Deryl,male given name
Sudan,male given name
Shamele,male given name
Daniel Richard,male given name
Artist,male given name
James Clarence,male given name
Charles Arthur,male given name
William Arthur,male given name
Willim,male given name
Redburn,male given name
Vick,male given name
Michael Edwin,male given name
Tay,male given name
Rostron,male given name
Frank Michael,male given name
O'Neill,male given name
Raqhid,male given name
Martrel,male given name
Darwyn,male given name
Wyke,male given name
Vik,male given name
Wilcox,male given name
Ralph Edward,male given name
Newcomb,male given name
Hu,male given name
William Luther,male given name
Layng,male given name
Mullane,male given name
Masterman,male given name
Stokes,male given name
Wakefield,male given name
Alshakim,male given name
James Edwin,male given name
Krisna,male given name
Nettle,male given name
John Vincent,male given name
Dorwin,male given name
Euvin,male given name
Vernie,male given name
Lakee,male given name
John Patrick,male given name
Ermet,male given name
Amzi,male given name
Derwyn,male given name
Duris,male given name
Elliotte,male given name
Staprans,male given name
La'Reonte,male given name
Koy,male given name
Donald Francis,male given name
Harry Lawrence,male given name
Walter Edward,male given name
Benjamin Michael,male given name
Todrick,male given name
William Neal,male given name
Samuel Thomas,male given name
Rahkeim,male given name
Calief,male given name
McCleary,male given name
DeVaughn,male given name
Dewayne,male given name
Coburn,male given name
Q100272643,male given name
Suketo,male given name
George Michael,male given name
David Thomas,male given name
Cavin,male given name
Radric,male given name
Delantic,male given name
Robert Dwayne,male given name
Alastair Ian,male given name
Thomas Walter,male given name
Thomas Richard,male given name
Rosevelt,male given name
David Ian,male given name
Devaughn,male given name
Brandt,male given name
Bosanquet,male given name
Morrissey,male given name
Norway,male given name
Sparks,male given name
Kenneth Edwin,male given name
Jaydan,male given name
Terius,male given name
Youngdell,male given name
Albert Laurence,male given name
Christopher Stephen,male given name
Kaseem,male given name
George Franklin,male given name
Sheku,male given name
Dontez,male given name
Brougham,male given name
Edward Ernest,male given name
Kalin,male given name
Navraj,male given name
Nicholas Scott,male given name
Temetrius,male given name
Jonathan Paul,male given name
Chord,male given name
Shaffer,male given name
Chimere,male given name
Stansfeld,male given name
Agincourt,male given name
Talmage,male given name
Eloyce,male given name
Manteo,male given name
Richard Timothy,male given name
George Francis,male given name
MacRae,male given name
Cedar,male given name
James Robert,male given name
Eugene Thomas,male given name
Patrick Bruce,male given name
Lenwood,male given name
Thomas Edward,male given name
Woodard,male given name
Taurus,male given name
Tremani,male given name
Khalik,male given name
Albert James,male given name
Donald Edward,male given name
Lucilius,male given name
Willie Lee,male given name
Crown,male given name
Edward John,male given name
Stephen Michael,male given name
Trade,male given name
Kingscote,male given name
Casada,male given name
Munnings,male given name
Lejaren,male given name
Anthony Corey,male given name
Giavanni,male given name
Severen,male given name
Frederick Anthony,male given name
Arnall,male given name
Wyllis,male given name
Ellington,male given name
Riddiford,male given name
Kenwrick,male given name
Jervie,male given name
Roshann,male given name
Fron,male given name
Mertis,male given name
William Christopher,male given name
Stobo,male given name
Durron,male given name
William Michael,male given name
Stephen Robert,male given name
Hugh Anthony,male given name
Depew,male given name
Steven Nicholas,male given name
Munty,male given name
Keedron,male given name
Ossman,male given name
Ruffin,male given name
Claydes,male given name
Dameron,male given name
Lemar,male given name
Mosie,male given name
Philip Michael,male given name
Woodrew,male given name
Fitzherbert,male given name
Jerrald,male given name
Scribner,male given name
Burrill,male given name
Nisan,male given name
Madder,male given name
Ilsley,male given name
Silias,male given name
Pearly,male given name
Robertt,male given name
Wigglesworth,male given name
Bourn,male given name
Waverly,male given name
Conroy,male given name
Byrom,male given name
Philaret,male given name
Ricciano,male given name
Marwood,male given name
Deacon,male given name
William Edwin,male given name
Gershun,male given name
Mattison,male given name
Bostock,male given name
Sayer,male given name
Ridjaal,male given name
Buddah,male given name
Forrester,male given name
John Chrysostom,male given name
Eviyan,male given name
Putman,male given name
Alexander Paul,male given name
Snyder,male given name
Nii,male given name
Trace,male given name
Jamaar,male given name
Fincher,male given name
Raynard,male given name
Hoskins,male given name
Tadley,male given name
Peake,male given name
Hillyard,male given name
Albright,male given name
Brytavious,male given name
Lakeith,male given name
Sampha,male given name
Lahai,male given name
Devvon,male given name
Robinhood,male given name
Breen,male given name
Brann,male given name
Talmadge,male given name
Dewain,male given name
Firth,male given name
Kill,male given name
Mervik,male given name
Shailen,male given name
Bascom,male given name
Thurland,male given name
Wilmore,male given name
Clydell,male given name
Gershon,male given name
Donald Eugene,male given name
Diarmid,male given name
Rishikesh,male given name
Milman,male given name
Wingfield,male given name
Croft,male given name
Bishop,male given name
Hutchinson,male given name
Broadbent,male given name
Macmillan,male given name
Mulholland,male given name
Birley,male given name
Woodham,male given name
Netterville,male given name
Grosvenor,male given name
Knightley,male given name
Galahad,male given name
Waymon,male given name
Griffitt,male given name
Lrod,male given name
Nachshon,male given name
Morrel,male given name
Weedon,male given name
Goodridge,male given name
Gaalen,male given name
Tillmon,male given name
Albee,male given name
Rhoderic,male given name
Taftt,male given name
Chevon,male given name
Mundell,male given name
Jacob-Lee,male given name
Juice,male given name
Glenmore,male given name
Warne,male given name
Excel,male given name
Ondre,male given name
Dupree,male given name
Handel,male given name
Wetherell,male given name
Blades,male given name
Kings,male given name
Cravont,male given name
Benford,male given name
Pilgrim,male given name
Townes,male given name
Stede,male given name
Michaelangelo,male given name
Cawayne,male given name
Sparky,male given name
Morty,male given name
Hendley,male given name
Norville,male given name
Bervick,male given name
Toriano,male given name
Reyner,male given name
Ulfrid,male given name
Joff,male given name
Nimer,male given name
Forrie,male given name
Mikah,male given name
Galton,male given name
Dashon,male given name
Jemel,male given name
Johnpaul,male given name
Tyler-Justin,male given name
Darak,male given name
Golden,male given name
Landis,male given name
Theoden,male given name
Felt,male given name
Maddy,male given name
Gillbert,male given name
MacHouston,male given name
Roshawn,male given name
Bushnell,male given name
Colson,male given name
Dowdal,male given name
Carver,male given name
Keeler,male given name
Lattimore,male given name
Jailen,male given name
McElvoy,male given name
Rawlings,male given name
McElhiney,male given name
Hankins,male given name
Burkett,male given name
Tyquian,male given name
Woodworth,male given name
Lewitt,male given name
McWade,male given name
Hemmings,male given name
Ensign,male given name
Biko,male given name
Roebuck,male given name
Shabazz,male given name
Sinclare,male given name
Tirren,male given name
Nyles,male given name
Gassen,male given name
Buchanon,male given name
D'Marcus,male given name
Myroslav,male given name
John-Clark,male given name
Edmonson,male given name
soto,male given name
Decker,male given name
Keefer,male given name
Shawan,male given name
Keifer,male given name
Lackland,male given name
Delight,male given name
Amiir,male given name
Austin-Emile,male given name
Riddley,male given name
Bennedict,male given name
Sergeant,male given name
Micholas,male given name
Les Paul,male given name
Blade,male given name
Nichael,male given name
Mowgli,male given name
Gaines,male given name
Q130536091,male given name
Lyneal,male given name
Laddy,male given name
Delron,male given name
Chaine,male given name
Braison,male given name
Rebop,male given name
Bebop,male given name
Loick,male given name
Sahaib,male given name
Dorrin,male given name
McLeish,male given name
Rowin,male given name
Autrey,male given name
Sykes,male given name
Baby Boy,male given name
Elphonso,male given name
Lebron,male given name
D'Mon,male given name
Tupper,male given name
Atreus,male given name
Babyboy,male given name
Creston,male given name
Daman,male given name
Aybar,male given name
Ceiran,male given name
Norvin,male given name
Tyruss,male given name
Norvell,male given name
Saunder,male given name
Council,male given name
